{"JHe2Rk31o8ux3CGMpiLyyg==":"mbr-1920x1280.jpg","6pWbPCYTlhWLuSQNbtcByw==":"28eee-650x406.jpg","n5D7TgnO2gg6rm4ekyCjVw==":"tanjung_perak_surabaya-1072x712.jpg","Iaz0P5qkjUliJVAUsFlDkw==":"logo%20coba-150x108.png","BNFazllPjj3Es6k58L2Smw==":"pnm-240x92.png","t6MOWREBnFQh+PYpAVvjqQ==":"mekaar-color-240x77.png","H/ZB1ei6I7+K8QcbArfsRw==":"ulamm-color-501x155.png","k+vlwH+9/2+h/mSm0K+7uA==":"micro_madani_institute_pt-1559270378-2018x468.png","nxLqZKy057Ttv1AMLex0Kg==":"logo-bumn-cdb796b25a8f3dc1af66799689fdf8672b720672aa499c03fced67c1db5673be-656x198.png","HsGZNV2EuFc+Is6oCCWSxA==":"5dde17b432a94_20191127132908-1-400x140.png","KZAMw30kEm1VB9tSQ4WZ1w==":"4r%20fahmio%20yudis-74-400x266.jpeg","HkKXE2rwdUfZ95KuY1yRIA==":"4r%20fahmio%20yudis-100-400x601.jpeg","+gKFzlmoN1z3T5q4ySgpXw==":"4r%20fahmio%20yudis-100-400x601.jpeg","+3RKiGKqTq4GN6+AmWc2UQ==":"dsc02419-400x300.jpg","9Wb4csiOEu71m4Q/BMfbZg==":"bp5ae2s20181119-81050-400x300.jpg","SjqgL8nSA4qMYZy3xhFE4Q==":"bp5ae2s20181119-81050-400x300.jpeg","OM6hTwqMAQpTVhLcPG86xg==":"background1.jpg","+lv0xWe3Hh67WLuPXWDdmw==":"6-6-850x464.jpg","LuoAo6wQezhp+luAt9sz5w==":"3-982x491.jpg","UQuxBNGv4PVw44oFqPyHpQ==":"whatsapp%20image%202020-08-06%20at%2017.25.47%20(1)-1044x783.jpg","IhVGZ1Jv7H951fEqgnY2Cw==":"whatsapp%20image%202020-08-06%20at%2017.25.47-1280x725.jpg","IE6sTdMgLHFI5/+xzyyKIg==":"whatsapp%20image%202020-08-06%20at%2017.25.46%20(1)-1173x782.jpg","iuTalnqTIC0duqpn63CKUQ==":"whatsapp%20image%202020-08-06%20at%2017.25.45%20(1)-1072x790.jpg","zOFVpYDsxah+rHxZnJJySA==":"whatsapp%20image%202020-08-06%20at%2017.25.44%20(1)-1111x790.jpg","kcF89nIl0JGB+y0Xty1Fag==":"whatsapp%20image%202020-08-06%20at%2017.25.44-1280x665.jpg","DpKatCnPYhTqtUIHqDEeAw==":"whatsapp%20image%202020-08-06%20at%2017.25.43%20(1)-1077x807.jpg","4fW11ogTGmvyyO17IdrPPQ==":"whatsapp%20image%202020-08-06%20at%2017.25.43-1280x635.jpg","4ED4FvtbuueO26g4Hf5nlg==":"bs-168x201.png","J9RJa51WAEw1WuMdGFuTsw==":"bs2-102x107.png","T6iP+Zyg9NMQXCB4YwCdmg==":"bongkar-muat-pelabuhan-gresik-turun_m-85744-300x200.jpg","IwPwcxC0f9twNOvcAz3wBg==":"41429-pelabuhan-gresik-jawa-timur-492x276.jpg","paQ7gaAr7aSkzF2UjrSq6Q==":"1642194903-492x328.jpg","/Mcvw35GpRogzEczphE53Q==":"1-900x1055.jpg","k94acxgjGA3nWr1zqKesSA==":"7-900x1055.jpg","0/zY3pR5bKmcupY4kM+HKw==":"3-900x1055.jpg","x5iBbqWl2dvI2vF7ZdDJgA==":"4-900x1055.jpg","q5x5f3TD7PKNfBf2x2Mt/w==":"8-512x600.jpg","PEuPWfeBofnJuaBEmlFQew==":"0_4y8zbkile_ntvahv-1000x586.jpg","qPs2kDCE1VWRuEhyP4I7Xg==":"logo_wika-2482x1750.png","qwoB0JyFPRB2sOaKiYWP0A==":"jaya-beton-ok-1772x591.png","URW1rn0Z7iQE7jjdb2MPUw==":"adhimix-logo-0c600d7c5e0d84881b2d1ebed01de2a83e7742bf6a6c1e9078d806264c9c1e5c-1501x777.png","R1qVzoS+7pyCcjSyaWiOqw==":"logo_wika-310x219.png","4X4/311E9RfeAf5EBaTgmg==":"logo_wika-1929x1563.png","f098wT/nEQ1u8+s1lD0Dcw==":"1200px-cmyk_logo-01_pngs-1200x1108.png","e+rk6qPbsRXJ+YQmGa0jKA==":"pp-1600x989.png","mIIbxW0r7dEZSbMPwcoYdg==":"background2.jpg","5OrqhZYNzTlUtMmYxxh1qA==":"41429-pelabuhan-gresik-jawa-timur%20(1)-653x366.jpg","kYPlZO8IPvO6ckpxrDDi0Q==":"1642194903-736x491.jpg"}